id,user_id,status,created_at,updated_at
1,2,1,2013-01-26 02:02:19 UTC,2013-01-26 02:02:19 UTC
2,3,1,2013-01-26 02:02:19 UTC,2013-01-26 02:02:19 UTC
3,5,1,2013-01-26 02:02:19 UTC,2013-01-26 02:02:19 UTC
4,6,1,2013-01-26 02:02:19 UTC,2013-01-26 02:02:19 UTC
5,7,1,2013-01-26 02:02:19 UTC,2013-01-26 02:02:19 UTC
6,8,1,2013-01-26 02:02:19 UTC,2013-01-26 02:02:19 UTC
7,9,1,2013-01-26 02:02:19 UTC,2013-01-26 02:02:19 UTC
8,10,1,2013-01-26 02:02:19 UTC,2013-01-26 02:02:19 UTC
9,11,1,2013-01-26 02:02:19 UTC,2013-01-26 02:02:19 UTC
10,13,1,2013-01-26 02:02:19 UTC,2013-01-26 02:02:19 UTC
11,14,1,2013-01-26 02:02:19 UTC,2013-01-26 02:02:19 UTC
12,15,1,2013-01-26 02:02:19 UTC,2013-01-26 02:02:19 UTC
13,16,1,2013-01-26 02:02:19 UTC,2013-01-26 02:02:19 UTC
14,17,1,2013-01-26 02:02:19 UTC,2013-01-26 02:02:19 UTC
15,18,1,2013-01-26 02:02:19 UTC,2013-01-26 02:02:19 UTC
16,19,1,2013-01-26 02:02:19 UTC,2013-01-26 02:02:19 UTC
17,20,1,2013-01-26 02:02:19 UTC,2013-01-26 02:02:19 UTC
18,21,1,2013-01-26 02:02:19 UTC,2013-01-26 02:02:19 UTC
19,22,1,2013-01-26 02:02:19 UTC,2013-01-26 02:02:19 UTC
20,23,1,2013-01-26 02:02:19 UTC,2013-01-26 02:02:19 UTC
21,24,1,2013-01-26 02:02:19 UTC,2013-01-26 02:02:19 UTC
22,25,1,2013-01-26 02:02:19 UTC,2013-01-26 02:02:19 UTC
23,26,1,2013-01-26 02:02:19 UTC,2013-01-26 02:02:19 UTC
24,27,1,2013-01-26 02:02:19 UTC,2013-01-26 02:02:19 UTC
25,28,1,2013-01-26 02:02:19 UTC,2013-01-26 02:02:19 UTC
26,29,1,2013-01-26 02:02:19 UTC,2013-01-26 02:02:19 UTC
27,30,1,2013-01-26 02:02:19 UTC,2013-01-26 02:02:19 UTC
28,31,1,2013-01-26 02:02:19 UTC,2013-01-26 02:02:19 UTC
29,32,1,2013-01-26 02:02:19 UTC,2013-01-26 02:02:19 UTC
30,33,1,2013-01-26 02:02:19 UTC,2013-01-26 02:02:19 UTC
31,34,1,2013-01-26 02:02:19 UTC,2013-01-26 02:02:19 UTC
32,35,1,2013-01-26 02:02:19 UTC,2013-01-26 02:02:19 UTC
33,36,1,2013-01-26 02:02:19 UTC,2013-01-26 02:02:19 UTC
34,37,1,2013-01-26 02:02:19 UTC,2013-01-26 02:02:19 UTC
35,38,1,2013-01-26 02:02:19 UTC,2013-01-26 02:02:19 UTC
36,39,1,2013-01-26 02:02:19 UTC,2013-01-26 02:02:19 UTC
37,40,1,2013-01-26 02:02:19 UTC,2013-01-26 02:02:19 UTC
38,41,1,2013-01-26 02:02:19 UTC,2013-01-26 02:02:19 UTC
39,42,1,2013-01-26 02:02:19 UTC,2013-01-26 02:02:19 UTC
40,43,1,2013-01-26 02:02:19 UTC,2013-01-26 02:02:19 UTC
41,44,1,2013-01-26 02:02:19 UTC,2013-01-26 02:02:19 UTC
42,45,1,2013-01-26 02:02:19 UTC,2013-01-26 02:02:19 UTC
43,46,1,2013-01-26 02:02:19 UTC,2013-01-26 02:02:19 UTC
44,47,1,2013-01-26 02:02:19 UTC,2013-01-26 02:02:19 UTC
45,48,1,2013-01-26 02:02:19 UTC,2013-01-26 02:02:19 UTC
46,49,1,2013-01-26 02:02:19 UTC,2013-01-26 02:02:19 UTC
47,50,1,2013-01-26 02:02:19 UTC,2013-01-26 02:02:19 UTC
48,51,1,2013-01-26 02:02:19 UTC,2013-01-26 02:02:19 UTC
49,52,1,2013-01-26 02:02:19 UTC,2013-01-26 02:02:19 UTC
50,53,1,2013-01-26 02:02:19 UTC,2013-01-26 02:02:19 UTC
51,54,1,2013-01-26 02:02:20 UTC,2013-01-26 02:02:20 UTC
52,55,1,2013-01-26 02:02:20 UTC,2013-01-26 02:02:20 UTC
53,56,1,2013-01-26 02:02:20 UTC,2013-01-26 02:02:20 UTC
54,57,1,2013-01-26 02:02:20 UTC,2013-01-26 02:02:20 UTC
55,58,1,2013-01-26 02:02:20 UTC,2013-01-26 02:02:20 UTC
56,59,1,2013-01-26 02:02:20 UTC,2013-01-26 02:02:20 UTC
57,60,1,2013-01-26 02:02:20 UTC,2013-01-26 02:02:20 UTC
58,61,1,2013-01-26 02:02:20 UTC,2013-01-26 02:02:20 UTC
59,62,1,2013-01-26 02:02:20 UTC,2013-01-26 02:02:20 UTC
60,63,1,2013-01-26 02:02:20 UTC,2013-01-26 02:02:20 UTC
61,64,1,2013-01-26 02:02:20 UTC,2013-01-26 02:02:20 UTC
62,65,1,2013-01-26 02:02:20 UTC,2013-01-26 02:02:20 UTC
63,66,1,2013-01-26 02:02:20 UTC,2013-01-26 02:02:20 UTC
64,67,1,2013-01-26 02:02:20 UTC,2013-01-26 02:02:20 UTC
65,68,1,2013-01-26 02:02:20 UTC,2013-01-26 02:02:20 UTC
66,69,1,2013-01-26 02:02:20 UTC,2013-01-26 02:02:20 UTC
67,70,1,2013-01-26 02:02:20 UTC,2013-01-26 02:02:20 UTC
68,71,1,2013-01-26 02:02:20 UTC,2013-01-26 02:02:20 UTC
69,72,1,2013-01-26 02:02:20 UTC,2013-01-26 02:02:20 UTC
70,73,1,2013-01-26 02:02:20 UTC,2013-01-26 02:02:20 UTC
71,74,1,2013-01-26 02:02:20 UTC,2013-01-26 02:02:20 UTC
72,75,1,2013-01-26 02:02:20 UTC,2013-01-26 02:02:20 UTC
73,76,1,2013-01-26 02:02:20 UTC,2013-01-26 02:02:20 UTC
74,77,1,2013-01-26 02:02:20 UTC,2013-01-26 02:02:20 UTC
75,78,1,2013-01-26 02:02:20 UTC,2013-01-26 02:02:20 UTC
76,79,1,2013-01-26 02:02:20 UTC,2013-01-26 02:02:20 UTC
77,80,1,2013-01-26 02:02:20 UTC,2013-01-26 02:02:20 UTC
78,81,1,2013-01-26 02:02:20 UTC,2013-01-26 02:02:20 UTC
79,82,1,2013-01-26 02:02:20 UTC,2013-01-26 02:02:20 UTC
80,83,1,2013-01-26 02:02:20 UTC,2013-01-26 02:02:20 UTC
81,84,1,2013-01-26 02:02:20 UTC,2013-01-26 02:02:20 UTC
82,85,1,2013-01-26 02:02:20 UTC,2013-01-26 02:02:20 UTC
83,86,1,2013-01-26 02:02:20 UTC,2013-01-26 02:02:20 UTC
84,87,1,2013-01-26 02:02:20 UTC,2013-01-26 02:02:20 UTC
85,88,1,2013-01-26 02:02:20 UTC,2013-01-26 02:02:20 UTC
86,89,1,2013-01-26 02:02:20 UTC,2013-01-26 02:02:20 UTC
87,90,1,2013-01-26 02:02:20 UTC,2013-01-26 02:02:20 UTC
88,91,1,2013-01-26 02:02:20 UTC,2013-01-26 02:02:20 UTC
89,92,1,2013-01-26 02:02:20 UTC,2013-01-26 02:02:20 UTC
90,13,3,2013-01-26 02:08:06 UTC,2013-01-26 02:08:06 UTC
